# Section ID, Start time, End time, Vocal s.t.m., Pakhawaj s.t.m., Net s.t.m.
GB_Bhg_Dhamar_0,0.0,6.59,0.0,0.0,0.0
GB_Bhg_Dhamar_1,9.17,28.85,1.0,1.0,1.0
GB_Bhg_Dhamar_2,28.85,48.27,1.0,8.0,8.0
GB_Bhg_Dhamar_3,48.27,59.42,1.0,3.0,3.0
GB_Bhg_Dhamar_4,59.42,73.0,1.0,8.0,8.0
GB_Bhg_Dhamar_5,73.0,85.22,1.0,1.0,1.0
GB_Bhg_Dhamar_6,85.22,96.61,1.0,8.0,8.0
GB_Bhg_Dhamar_7,96.61,144.82,1.0,8.0,8.0
GB_Bhg_Dhamar_8,144.82,155.5,1.0,3.0,3.0
GB_Bhg_Dhamar_9,155.5,169.57,1.0,8.0,8.0
GB_Bhg_Dhamar_10,169.57,189.58,1.0,1.0,1.0
GB_Bhg_Dhamar_11,189.58,214.57,2.0,1.0,2.0
GB_Bhg_Dhamar_12,214.57,223.21,1.0,1.0,1.0
GB_Bhg_Dhamar_13,223.21,230.49,0.0,1.0,1.0
GB_Bhg_Dhamar_14,230.49,237.1,2.0,4.0,4.0
GB_Bhg_Dhamar_15,237.1,263.73,2.0,1.0,2.0
GB_Bhg_Dhamar_16,263.73,270.34,2.0,4.0,4.0
GB_Bhg_Dhamar_17,273.2,278.35,0.0,1.0,1.0
GB_Bhg_Dhamar_18,278.35,284.41,2.0,1.0,2.0
GB_Bhg_Dhamar_19,284.41,298.0,4.0,1.0,4.0
GB_Bhg_Dhamar_20,298.0,316.14,4.0,16.0,16.0
GB_Bhg_Dhamar_21,316.14,327.08,4.0,1.0,4.0
GB_Bhg_Dhamar_22,327.08,332.73,4.0,3.0,4.0
GB_Bhg_Dhamar_23,332.73,340.13,0.0,1.0,1.0
GB_Bhg_Dhamar_24,340.13,347.15,4.0,16.0,16.0
GB_Bhg_Dhamar_25,347.15,363.24,4.0,1.0,4.0
GB_Bhg_Dhamar_26,367.88,377.1,2.0,2.0,2.0
GB_Bhg_Dhamar_27,377.1,391.65,4.0,8.0,8.0
GB_Bhg_Dhamar_28,391.65,402.09,4.0,1.0,4.0
GB_Bhg_Dhamar_29,402.09,420.37,4.0,8.0,8.0
GB_Bhg_Dhamar_30,420.37,430.82,4.0,1.0,4.0
GB_Bhg_Dhamar_31,430.82,443.82,2.0,8.0,8.0
GB_Bhg_Dhamar_32,443.82,449.09,4.0,8.0,8.0
GB_Bhg_Dhamar_33,456.96,463.91,4.0,1.0,4.0
GB_Bhim_Choutal_0,0.0,13.4,0.0,0.0,0.0
GB_Bhim_Choutal_1,13.4,42.86,1.0,4.0,4.0
GB_Bhim_Choutal_2,42.86,104.64,1.0,8.0,8.0
GB_Bhim_Choutal_3,104.64,111.24,1.0,16.0,16.0
GB_Bhim_Choutal_4,111.24,144.98,1.0,8.0,8.0
GB_Bhim_Choutal_5,144.98,156.17,1.0,16.0,16.0
GB_Bhim_Choutal_6,156.17,179.76,1.0,8.0,8.0
GB_Bhim_Choutal_7,179.76,196.26,1.0,2.0,2.0
GB_Bhim_Choutal_8,196.26,240.5,2.0,2.0,2.0
GB_Bhim_Choutal_9,245.1,249.93,2.0,16.0,16.0
GB_Bhim_Choutal_10,249.93,258.88,2.0,2.0,2.0
GB_Bhim_Choutal_11,258.88,263.98,2.0,8.0,8.0
GB_Bhim_Choutal_12,263.98,281.84,2.0,2.0,2.0
GB_Bhim_Choutal_13,284.91,302.58,4.0,8.0,8.0
GB_Bhim_Choutal_14,302.58,316.34,1.0,2.0,2.0
GB_Bhim_Choutal_15,316.34,322.84,4.0,8.0,8.0
GB_Bhim_Choutal_16,322.84,327.67,4.0,16.0,16.0
GB_Bhim_Choutal_17,327.67,353.81,4.0,8.0,8.0
GB_Bhim_Choutal_18,353.81,360.78,2.0,8.0,8.0
GB_Bhim_Choutal_19,360.78,375.53,4.0,8.0,8.0
GB_Bhim_Choutal_20,375.53,388.45,1.0,4.0,4.0
GB_Bhim_Choutal_21,393.08,420.2,4.0,8.0,8.0
GB_Bhim_Choutal_22,424.73,437.75,1.0,4.0,4.0
GB_Bhim_Choutal_23,437.75,464.67,1.0,8.0,8.0
GB_Bhim_Choutal_24,464.67,481.1,2.0,8.0,8.0
GB_Bhim_Choutal_25,481.1,501.71,4.0,8.0,8.0
GB_Bhim_Choutal_26,501.71,535.69,4.0,8.0,8.0
GB_Bhim_Choutal_27,535.69,578.5,2.0,8.0,8.0
GB_Bhim_Choutal_28,578.5,584.43,2.0,16.0,16.0
GB_Bhim_Choutal_29,584.43,658.56,1.0,8.0,8.0
GB_Bhim_Choutal_30,658.56,672.33,1.0,4.0,4.0
GB_Bhim_Choutal_31,672.33,722.11,1.0,8.0,8.0
GB_Bhrv_Choutal_0,0.0,16.52,0.0,0.0,0.0
GB_Bhrv_Choutal_1,16.52,62.93,1.0,4.0,4.0
GB_Bhrv_Choutal_2,62.93,83.34,1.0,4.0,4.0
GB_Bhrv_Choutal_3,83.34,296.45,1.0,8.0,8.0
GB_Bhrv_Choutal_4,296.45,372.71,1.0,16.0,16.0
GB_Bhrv_Choutal_5,372.71,410.6,2.0,4.0,4.0
GB_Bhrv_Choutal_6,410.6,432.99,4.0,4.0,4.0
GB_Bhrv_Choutal_7,432.99,445.75,1.0,8.0,8.0
GB_Bhrv_Choutal_8,445.75,463.1,4.0,8.0,8.0
GB_Bhrv_Choutal_9,463.1,469.35,2.0,8.0,8.0
GB_Bhrv_Choutal_10,469.35,488.57,2.0,4.0,4.0
GB_Bhrv_Choutal_11,488.57,493.74,2.0,8.0,8.0
GB_Bhrv_Choutal_12,493.74,533.98,4.0,8.0,8.0
GB_Bhrv_Choutal_13,533.98,549.46,4.0,4.0,4.0
GB_Bhrv_Choutal_14,549.46,562.81,2.0,4.0,4.0
GB_Bhrv_Choutal_15,562.81,571.69,2.0,8.0,8.0
GB_Bhrv_Choutal_16,571.69,587.92,8.0,8.0,8.0
GB_Bhrv_Choutal_17,587.92,631.76,4.0,8.0,8.0
GB_Bhrv_Choutal_18,631.76,647.64,4.0,4.0,4.0
GB_Bhrv_Choutal_19,647.64,687.48,4.0,8.0,8.0
GB_Bhrv_Choutal_20,687.48,696.49,8.0,16.0,16.0
GB_Bhrv_Choutal_21,696.49,713.71,4.0,16.0,16.0
GB_Bhrv_Choutal_22,713.71,728.94,8.0,16.0,16.0
GB_Bhrv_Choutal_23,728.94,739.31,1.0,8.0,8.0
GB_Bhrv_Choutal_24,739.31,773.35,4.0,8.0,8.0
GB_Bhrv_Choutal_25,773.35,778.7,8.0,8.0,8.0
GB_Bhrv_Choutal_26,778.7,786.97,2.0,8.0,8.0
GB_Bhrv_Choutal_27,786.97,794.1,8.0,8.0,8.0
GB_Bhrv_Choutal_28,794.1,801.57,2.0,8.0,8.0
GB_Bhrv_Choutal_29,801.57,810.63,8.0,8.0,8.0
GB_Bhrv_Choutal_30,810.63,833.29,8.0,16.0,16.0
GB_Bhrv_Choutal_31,833.29,869.67,1.0,8.0,8.0
GB_Bhrv_Choutal_32,869.67,883.11,1.0,16.0,16.0
GB_Bhrv_Choutal_33,883.11,888.16,1.0,8.0,8.0
GB_BKT_Choutal_0,0.0,5.03,0.0,0.0,0.0
GB_BKT_Choutal_1,5.03,194.6,1.0,4.0,4.0
GB_BKT_Choutal_2,194.6,216.26,1.0,2.0,2.0
GB_BKT_Choutal_3,216.26,244.92,1.0,4.0,4.0
GB_BKT_Choutal_4,244.92,334.59,2.0,4.0,4.0
GB_BKT_Choutal_5,334.59,374.34,4.0,4.0,4.0
GB_BKT_Choutal_6,374.34,382.42,2.0,4.0,4.0
GB_BKT_Choutal_7,382.42,418.49,2.0,2.0,2.0
GB_BKT_Choutal_8,418.49,458.17,4.0,4.0,4.0
GB_BKT_Choutal_9,458.17,474.43,0.0,4.0,4.0
GB_BKT_Choutal_10,474.43,486.09,2.0,4.0,4.0
GB_BKT_Choutal_11,489.29,502.22,1.0,2.0,2.0
GB_BKT_Choutal_12,502.22,519.44,4.0,8.0,8.0
GB_BKT_Choutal_13,519.44,528.67,4.0,2.0,4.0
GB_BKT_Choutal_14,528.67,539.54,4.0,8.0,8.0
GB_BKT_Choutal_15,543.34,553.11,6.0,4.0,6.0
GB_BKT_Choutal_16,553.11,583.68,2.0,4.0,4.0
GB_BKT_Choutal_17,583.68,596.8,4.0,8.0,8.0
GB_BKT_Choutal_18,596.8,609.37,4.0,4.0,4.0
GB_BKT_Choutal_19,609.37,616.05,6.0,4.0,6.0
GB_BKT_Choutal_20,616.05,626.45,6.0,2.0,6.0
GB_BKT_Choutal_21,629.53,634.72,2.0,8.0,8.0
GB_BKT_Choutal_22,634.72,647.57,1.0,4.0,4.0
GB_BKT_Choutal_23,647.57,666.0,1.0,2.0,2.0
GB_BKT_Choutal_24,666.0,754.06,1.0,8.0,8.0
GB_AhirBhrv_Choutal_0,0.0,9.52,1.0,0.0,1.0
GB_AhirBhrv_Choutal_1,9.52,28.11,1.0,1.5,1.5
GB_AhirBhrv_Choutal_2,28.11,50.79,1.0,4.0,4.0
GB_AhirBhrv_Choutal_3,50.79,82.15,1.0,8.0,8.0
GB_AhirBhrv_Choutal_4,82.15,91.12,1.0,1.0,1.0
GB_AhirBhrv_Choutal_5,91.12,100.24,1.0,4.0,4.0
GB_AhirBhrv_Choutal_6,100.24,148.17,1.0,8.0,8.0
GB_AhirBhrv_Choutal_7,148.17,175.13,1.0,16.0,16.0
GB_AhirBhrv_Choutal_8,175.13,207.4,1.0,4.0,4.0
GB_AhirBhrv_Choutal_9,207.4,216.52,2.0,4.0,4.0
GB_AhirBhrv_Choutal_10,216.52,243.63,1.0,4.0,4.0
GB_AhirBhrv_Choutal_11,243.63,310.93,2.0,4.0,4.0
GB_AhirBhrv_Choutal_12,310.93,331.73,1.0,4.0,4.0
GB_AhirBhrv_Choutal_13,331.73,337.67,4.0,4.0,4.0
GB_AhirBhrv_Choutal_14,337.67,363.73,1.5,4.0,4.0
GB_AhirBhrv_Choutal_15,363.73,390.02,4.0,4.0,4.0
GB_AhirBhrv_Choutal_16,390.02,411.11,1.0,4.0,4.0
GB_AhirBhrv_Choutal_17,411.11,415.91,1.0,8.0,8.0
GB_AhirBhrv_Choutal_18,415.91,428.63,2.0,8.0,8.0
GB_AhirBhrv_Choutal_19,428.63,435.35,2.0,4.0,4.0
GB_AhirBhrv_Choutal_20,435.35,455.56,1.0,4.0,4.0
GB_AhirBhrv_Choutal_21,455.56,471.31,2.0,8.0,8.0
GB_AhirBhrv_Choutal_22,471.31,514.06,4.0,8.0,8.0
GB_AhirBhrv_Choutal_23,514.06,563.94,1.0,16.0,16.0
GB_AhirBhrv_Choutal_24,563.94,600.42,2.0,4.0,4.0
GB_AhirBhrv_Choutal_25,600.42,613.2,4.0,4.0,4.0
GB_AhirBhrv_Choutal_26,613.2,638.06,1.0,4.0,4.0
GB_AhirBhrv_Choutal_27,638.06,645.95,1.5,4.0,4.0
GB_AhirBhrv_Choutal_28,645.95,676.55,1.5,2.0,2.0
GB_AhirBhrv_Choutal_29,676.55,692.75,4.0,2.0,4.0
GB_AhirBhrv_Choutal_30,692.75,724.16,4.0,8.0,8.0
GB_AhirBhrv_Choutal_31,724.16,735.73,8.0,8.0,8.0
GB_AhirBhrv_Choutal_32,735.73,748.01,2.0,4.0,4.0
GB_AhirBhrv_Choutal_33,748.01,771.23,4.0,8.0,8.0
GB_AhirBhrv_Choutal_34,771.23,783.96,1.0,4.0,4.0
GB_AhirBhrv_Choutal_35,783.96,808.71,2.0,4.0,4.0
GB_AhirBhrv_Choutal_36,808.71,833.56,3.0,2.0,3.0
GB_AhirBhrv_Choutal_37,833.56,846.05,4.0,4.0,4.0
GB_AhirBhrv_Choutal_38,846.05,859.19,1.0,4.0,4.0
GB_Jai_Choutal_0,0.0,5.99,1.0,0.0,1.0
GB_Jai_Choutal_1,5.99,23.11,1.0,4.0,4.0
GB_Jai_Choutal_2,23.11,37.75,1.0,8.0,8.0
GB_Jai_Choutal_3,37.75,46.93,1.0,16.0,16.0
GB_Jai_Choutal_4,46.93,72.27,1.0,8.0,8.0
GB_Jai_Choutal_5,72.27,78.39,1.0,16.0,16.0
GB_Jai_Choutal_6,78.39,96.0,1.0,4.0,4.0
GB_Jai_Choutal_7,96.0,119.88,1.0,16.0,16.0
GB_Jai_Choutal_8,119.88,149.79,1.0,8.0,8.0
GB_Jai_Choutal_9,149.79,171.81,1.0,16.0,16.0
GB_Jai_Choutal_10,171.81,185.49,1.0,8.0,8.0
GB_Jai_Choutal_11,185.49,204.16,1.0,4.0,4.0
GB_Jai_Choutal_12,204.16,211.71,2.0,4.0,4.0
GB_Jai_Choutal_13,211.71,219.82,1.0,4.0,4.0
GB_Jai_Choutal_14,219.82,229.41,2.0,4.0,4.0
GB_Jai_Choutal_15,229.41,244.11,2.0,8.0,8.0
GB_Jai_Choutal_16,244.11,248.82,0.0,8.0,8.0
GB_Jai_Choutal_17,248.82,289.35,2.0,8.0,8.0
GB_Jai_Choutal_18,289.35,298.95,2.0,4.0,4.0
GB_Jai_Choutal_19,298.95,311.13,2.0,8.0,8.0
GB_Jai_Choutal_20,311.13,317.24,4.0,8.0,8.0
GB_Jai_Choutal_21,317.24,328.61,2.0,8.0,8.0
GB_Jai_Choutal_22,328.61,333.69,2.0,4.0,4.0
GB_Jai_Choutal_23,333.69,338.74,0.0,6.0,4.0
GB_Jai_Choutal_24,338.74,354.51,2.0,8.0,8.0
GB_Jai_Choutal_25,354.51,362.13,2.0,4.0,4.0
GB_Jai_Choutal_26,362.13,372.41,4.0,4.0,4.0
GB_Jai_Choutal_27,376.43,393.45,2.0,8.0,8.0
GB_Jai_Choutal_28,393.45,399.49,4.0,8.0,8.0
GB_Jai_Choutal_29,402.4,408.73,3.0,4.0,4.0
GB_Jai_Choutal_30,408.73,417.03,4.0,4.0,4.0
GB_Jai_Choutal_31,417.03,424.31,4.0,8.0,8.0
GB_Jai_Choutal_32,424.31,444.24,2.0,16.0,16.0
GB_Jai_Choutal_33,444.24,468.74,1.0,8.0,8.0
GB_Jai_Choutal_34,468.74,474.12,1.0,16.0,16.0
GB_Jai_Choutal_35,476.19,482.24,4.0,8.0,8.0
GB_Jai_Choutal_36,482.24,506.2,4.0,4.0,4.0
GB_Jai_Choutal_37,506.2,523.18,4.0,8.0,8.0
GB_Jai_Choutal_38,523.18,532.99,2.0,8.0,8.0
GB_Jai_Choutal_39,537.2,547.52,1.0,16.0,16.0
GB_Jai_Choutal_40,547.52,582.7,1.0,8.0,8.0
GB_Jai_Choutal_41,582.7,591.92,1.0,16.0,16.0
GB_Jai_Choutal_42,591.92,609.76,1.0,8.0,8.0
GB_Jai_Choutal_43,609.76,621.16,1.0,16.0,16.0
GB_Kedar_Dhamar_0,3.8,25.16,1.0,4.0,4.0
GB_Kedar_Dhamar_1,25.16,37.28,1.0,8.0,8.0
GB_Kedar_Dhamar_2,37.28,44.16,1.0,4.0,4.0
GB_Kedar_Dhamar_3,46.61,81.19,1.0,4.0,4.0
GB_Kedar_Dhamar_4,81.19,101.71,1.0,8.0,8.0
GB_Kedar_Dhamar_5,101.71,117.94,1.0,4.0,4.0
GB_Kedar_Dhamar_6,117.94,127.05,1.0,8.0,8.0
GB_Kedar_Dhamar_7,127.05,136.35,1.0,4.0,4.0
GB_Kedar_Dhamar_8,136.35,168.61,1.0,8.0,8.0
GB_Kedar_Dhamar_9,168.61,175.21,0.0,4.0,4.0
GB_Kedar_Dhamar_10,175.21,267.79,2.0,4.0,4.0
GB_Kedar_Dhamar_11,267.79,297.65,4.0,4.0,4.0
GB_Kedar_Dhamar_12,297.65,307.53,2.0,4.0,4.0
GB_Kedar_Dhamar_13,307.53,312.74,0.0,4.0,4.0
GB_Kedar_Dhamar_14,312.74,334.25,2.0,4.0,4.0
GB_Kedar_Dhamar_15,334.25,384.35,4.0,8.0,8.0
GB_Kedar_Dhamar_16,384.35,390.08,0.0,4.0,4.0
GB_Kedar_Dhamar_17,390.08,395.24,8.0,4.0,8.0
GB_Kedar_Dhamar_18,395.24,418.45,4.0,8.0,8.0
GB_Kedar_Dhamar_19,420.73,431.36,6.0,4.0,6.0
GB_Kedar_Dhamar_20,431.36,436.43,6.0,3.0,6.0
GB_Kedar_Dhamar_21,439.61,468.13,0.0,8.0,8.0
GB_Kedar_Dhamar_22,471.15,479.6,4.0,4.0,4.0
GB_Kedar_Dhamar_23,479.6,486.2,2.0,4.0,4.0
GB_Kedar_Dhamar_24,486.2,500.92,0.0,4.0,4.0
GB_Kedar_Dhamar_25,500.92,512.85,2.0,4.0,4.0
GB_Kedar_Dhamar_26,512.85,519.97,2.0,8.0,8.0
GB_Kedar_Dhamar_27,519.97,533.3,0.0,8.0,8.0
GB_Kedar_Dhamar_28,533.3,546.42,4.0,8.0,8.0
GB_Kedar_Dhamar_29,546.42,557.33,2.0,8.0,8.0
GB_Kedar_Dhamar_30,557.33,567.59,3.0,8.0,8.0
GB_Kedar_Dhamar_31,567.59,573.15,4.0,8.0,8.0
GB_Kedar_Dhamar_32,579.27,584.41,8.0,8.0,8.0
GB_Kedar_Dhamar_33,584.41,589.45,0.0,8.0,8.0
GB_Kedar_Dhamar_34,589.45,600.97,8.0,4.0,8.0
GB_Kedar_Dhamar_35,600.97,606.89,4.0,4.0,4.0
GB_Kedar_Dhamar_36,606.89,623.84,4.0,8.0,8.0
GB_Kedar_Dhamar_37,623.84,637.66,2.0,8.0,8.0
GB_Kedar_Dhamar_38,637.66,645.21,0.0,4.36,4.0
GB_Kedar_Dhamar_39,648.44,655.54,8.0,8.0,8.0
GB_Kedar_Dhamar_40,655.54,666.77,8.0,4.0,8.0
GB_Kedar_Dhamar_41,666.77,675.3,4.0,4.0,4.0
GB_Kedar_Dhamar_42,675.3,688.5,8.0,4.0,8.0
GB_Kedar_Dhamar_43,688.5,706.81,1.0,4.0,4.0
GB_Kedar_Dhamar_44,706.81,714.74,2.0,4.0,4.0
GB_Kedar_Dhamar_45,723.65,730.67,0.0,4.0,4.0
GB_Kedar_Dhamar_46,730.67,743.75,4.0,4.0,4.0
GB_Kedar_Dhamar_47,743.75,759.15,4.0,4.0,4.0
GB_Kedar_Dhamar_48,759.15,767.76,0.0,4.0,4.0
GB_Kedar_Dhamar_49,767.76,777.47,2.0,4.0,4.0
GB_Kedar_Dhamar_50,777.47,795.36,4.0,4.0,4.0
GB_Kedar_Dhamar_51,795.36,806.16,6.0,4.0,6.0
GB_Kedar_Dhamar_52,810.41,830.87,0.0,4.0,4.0
GB_Kedar_Dhamar_53,830.87,928.15,1.0,8.0,8.0
GB_Marwa_Choutal_0,0.0,7.54,0.0,0.0,0.0
GB_Marwa_Choutal_1,7.54,70.7,1.0,4.0,4.0
GB_Marwa_Choutal_2,70.7,112.09,1.0,8.0,8.0
GB_Marwa_Choutal_3,112.09,155.63,1.0,16.0,16.0
GB_Marwa_Choutal_4,155.63,166.89,1.0,4.0,4.0
GB_Marwa_Choutal_5,166.89,173.02,1.5,4.0,4.0
GB_Marwa_Choutal_6,173.02,181.32,2.0,4.0,4.0
GB_Marwa_Choutal_7,181.32,187.55,4.0,4.0,4.0
GB_Marwa_Choutal_8,187.55,199.4,2.0,4.0,4.0
GB_Marwa_Choutal_9,202.86,213.77,1.0,8.0,8.0
GB_Marwa_Choutal_10,213.77,221.76,2.0,4.0,4.0
GB_Marwa_Choutal_11,221.76,230.8,4.0,4.0,4.0
GB_Marwa_Choutal_12,230.8,243.49,1.0,4.0,4.0
GB_Marwa_Choutal_13,243.49,249.41,2.0,4.0,4.0
GB_Marwa_Choutal_14,249.41,255.78,0.0,7.56,8.0
GB_Marwa_Choutal_15,255.78,266.17,1.0,4.0,4.0
GB_Marwa_Choutal_16,269.09,274.42,0.0,4.0,4.0
GB_Marwa_Choutal_17,274.42,281.07,1.0,4.0,4.0
GB_Marwa_Choutal_18,281.07,301.51,2.0,4.0,4.0
GB_Marwa_Choutal_19,301.51,310.11,2.0,8.0,8.0
GB_Marwa_Choutal_20,310.11,318.48,0.0,4.0,4.0
GB_Marwa_Choutal_21,318.48,325.91,2.0,4.0,4.0
GB_Marwa_Choutal_22,325.91,330.94,1.0,4.0,4.0
GB_Marwa_Choutal_23,334.3,340.91,0.0,4.0,4.0
GB_Marwa_Choutal_24,340.91,361.29,2.0,4.0,4.0
GB_Marwa_Choutal_25,361.29,366.5,3.0,4.0,4.0
GB_Marwa_Choutal_26,366.5,371.84,0.0,8.0,8.0
GB_Marwa_Choutal_27,371.84,381.13,4.0,8.0,8.0
GB_Marwa_Choutal_28,381.13,386.34,2.0,8.0,8.0
GB_Marwa_Choutal_29,386.34,410.35,4.0,8.0,8.0
GB_Marwa_Choutal_30,410.35,415.58,6.0,8.0,8.0
GB_Marwa_Choutal_31,420.21,427.06,2.0,8.0,8.0
GB_Marwa_Choutal_32,427.06,433.02,4.0,8.0,8.0
GB_Marwa_Choutal_33,433.02,441.41,6.0,16.0,16.0
GB_Marwa_Choutal_34,449.0,466.8,4.0,8.0,8.0
GB_Marwa_Choutal_35,473.45,478.47,6.0,8.0,8.0
GB_Marwa_Choutal_36,482.9,499.99,3.73,8.0,8.0
GB_Marwa_Choutal_37,503.95,514.74,1.0,4.0,4.0
GB_Marwa_Choutal_38,514.74,520.75,4.0,4.0,4.0
GB_Marwa_Choutal_39,520.75,530.86,4.0,8.0,8.0
GB_Marwa_Choutal_40,530.86,539.6,2.0,4.0,4.0
GB_Marwa_Choutal_41,542.63,577.97,4.0,8.0,8.0
GB_Marwa_Choutal_42,577.97,583.27,0.0,4.0,4.0
GB_Marwa_Choutal_43,583.27,590.36,0.0,8.0,8.0
GB_Marwa_Choutal_44,590.36,607.1,0.0,4.0,4.0
GB_Marwa_Choutal_45,607.1,622.86,4.0,4.0,4.0
GB_Marwa_Choutal_46,622.86,628.43,3.0,4.0,4.0
GB_Marwa_Choutal_47,630.44,638.03,1.5,4.0,4.0
GB_Marwa_Choutal_48,638.03,647.76,4.0,4.0,4.0
GB_Marwa_Choutal_49,647.76,660.74,0.0,4.0,4.0
GB_Marwa_Choutal_50,660.74,666.42,4.0,4.0,4.0
GB_Marwa_Choutal_51,666.42,679.43,4.0,4.0,4.0
GB_Marwa_Choutal_52,679.43,694.8,1.0,4.0,4.0
GB_Marwa_Choutal_53,698.43,704.47,3.0,7.5,8.0
GB_Marwa_Choutal_54,704.47,714.61,1.0,4.0,4.0
GB_Marwa_Choutal_55,717.38,730.6,4.0,8.0,8.0
GB_Marwa_Choutal_56,733.6,741.41,8.0,16.0,16.0
GB_Marwa_Choutal_57,744.38,754.72,6.0,2.0,6.0
GB_Marwa_Choutal_58,754.72,768.83,4.0,2.0,4.0
GB_Marwa_Choutal_59,768.83,779.17,6.0,2.0,6.0
GB_Marwa_Choutal_60,781.49,794.96,1.0,8.0,8.0
GB_Marwa_Choutal_61,794.96,830.68,1.0,12.0,12.0
GB_MMal_Choutal_0,0.0,11.68,0.0,0.0,0.0
GB_MMal_Choutal_1,11.68,26.71,1.0,4.0,4.0
GB_MMal_Choutal_2,26.71,51.09,1.0,8.0,8.0
GB_MMal_Choutal_3,51.09,57.04,1.0,4.0,4.0
GB_MMal_Choutal_4,57.04,78.4,1.0,8.0,8.0
GB_MMal_Choutal_5,78.4,87.74,1.0,4.0,4.0
GB_MMal_Choutal_6,87.74,105.8,1.0,8.0,8.0
GB_MMal_Choutal_7,105.8,115.6,1.0,4.0,4.0
GB_MMal_Choutal_8,115.6,181.39,1.0,8.0,8.0
GB_MMal_Choutal_9,181.39,189.87,1.0,4.0,4.0
GB_MMal_Choutal_10,189.87,270.25,1.0,8.0,8.0
GB_MMal_Choutal_11,270.25,277.88,1.0,4.0,4.0
GB_MMal_Choutal_12,280.32,296.59,0.0,4.0,4.0
GB_MMal_Choutal_13,296.59,308.83,2.0,4.0,4.0
GB_MMal_Choutal_14,308.83,319.52,0.0,4.0,4.0
GB_MMal_Choutal_15,319.52,325.6,0.0,8.0,8.0
GB_MMal_Choutal_16,325.6,347.67,0.0,4.0,4.0
GB_MMal_Choutal_17,347.67,385.35,2.0,4.0,4.0
GB_MMal_Choutal_18,385.35,391.81,0.0,4.0,4.0
GB_MMal_Choutal_19,391.81,398.34,4.0,4.0,4.0
GB_MMal_Choutal_20,398.34,411.11,4.0,8.0,8.0
GB_MMal_Choutal_21,411.11,417.44,4.0,4.0,4.0
GB_MMal_Choutal_22,417.44,431.63,2.0,4.0,4.0
GB_MMal_Choutal_23,431.63,439.81,4.0,4.0,4.0
GB_MMal_Choutal_24,439.81,447.67,2.0,8.0,8.0
GB_MMal_Choutal_25,447.67,460.45,2.0,4.0,4.0
GB_MMal_Choutal_26,460.45,469.1,4.0,4.0,4.0
GB_MMal_Choutal_27,469.1,484.08,4.0,4.0,4.0
GB_MMal_Choutal_28,484.08,503.53,2.0,4.0,4.0
GB_MMal_Choutal_29,503.53,514.57,4.0,4.0,4.0
GB_MMal_Choutal_30,514.57,525.43,8.0,7.78,8.0
GB_MMal_Choutal_31,528.31,554.3,4.0,4.0,4.0
GB_MMal_Choutal_32,554.3,561.24,0.0,4.0,4.0
GB_MMal_Choutal_33,568.11,580.77,4.0,8.0,8.0
GB_MMal_Choutal_34,585.36,592.09,6.0,4.0,6.0
GB_MMal_Choutal_35,592.09,603.53,2.0,4.0,4.0
GB_MMal_Choutal_36,603.53,624.29,4.0,4.0,4.0
GB_MMal_Choutal_37,624.29,645.4,1.0,8.0,8.0
GB_MMal_Choutal_38,645.4,658.98,1.0,4.0,4.0
GB_MMal_Choutal_39,658.98,685.92,1.0,8.0,8.0
GB_MMal_Choutal_40,685.92,692.75,1.0,0.0,1.0
UB_AhirBhrv_Tivratal_0,0.0,12.29,0.0,0.0,0.0
UB_AhirBhrv_Tivratal_1,12.29,89.13,1.0,2.0,2.0
UB_AhirBhrv_Tivratal_2,89.13,117.95,2.0,2.0,2.0
UB_AhirBhrv_Tivratal_3,117.95,139.31,1.0,2.0,2.0
UB_AhirBhrv_Tivratal_4,139.31,187.79,4.0,2.0,4.0
UB_AhirBhrv_Tivratal_5,187.79,217.14,1.0,4.0,4.0
UB_AhirBhrv_Tivratal_6,217.14,224.12,1.0,2.0,2.0
UB_AhirBhrv_Tivratal_7,224.12,247.57,2.0,2.0,2.0
UB_AhirBhrv_Tivratal_8,247.57,262.01,4.0,2.0,4.0
UB_AhirBhrv_Tivratal_9,262.01,269.57,1.0,2.0,2.0
UB_AhirBhrv_Tivratal_10,269.57,276.48,1.0,8.0,8.0
UB_AhirBhrv_Tivratal_11,276.48,282.42,1.0,2.0,2.0
UB_AhirBhrv_Tivratal_12,282.42,312.01,4.0,2.0,4.0
UB_AhirBhrv_Tivratal_13,314.49,330.96,1.0,4.0,4.0
UB_AhirBhrv_Tivratal_14,330.96,340.31,1.0,8.0,8.0
UB_AhirBhrv_Tivratal_15,340.31,370.17,2.0,2.0,2.0
UB_AhirBhrv_Tivratal_16,370.17,397.8,4.0,2.0,4.0
UB_AhirBhrv_Tivratal_17,397.8,412.0,1.0,4.0,4.0
UB_AhirBhrv_Tivratal_18,412.0,424.98,4.0,4.0,4.0
UB_AhirBhrv_Tivratal_19,424.98,460.55,2.0,2.0,2.0
UB_AhirBhrv_Tivratal_20,460.55,474.03,1.0,4.0,4.0
UB_AhirBhrv_Tivratal_21,474.03,502.17,2.0,2.0,2.0
UB_AhirBhrv_Tivratal_22,502.17,563.85,4.0,2.0,4.0
UB_AhirBhrv_Tivratal_23,563.85,589.97,1.0,2.0,2.0
UB_AhirBhrv_Tivratal_24,589.97,612.55,4.0,2.0,4.0
UB_AhirBhrv_Tivratal_25,612.55,639.49,0.0,2.0,2.0
UB_AhirBhrv_Tivratal_26,639.49,675.58,2.0,2.0,2.0
UB_AhirBhrv_Tivratal_27,675.58,689.1,1.0,4.0,4.0
UB_AhirBhrv_Tivratal_28,689.1,729.33,4.0,2.0,4.0
UB_AhirBhrv_Tivratal_29,729.33,827.99,1.0,2.0,2.0
UB_Bhg_Dhamar_0,0.0,34.5,0.0,0.0,0.0
UB_Bhg_Dhamar_1,34.5,49.82,1.0,4.0,4.0
UB_Bhg_Dhamar_2,49.82,81.55,1.0,8.0,8.0
UB_Bhg_Dhamar_3,81.55,97.72,1.0,4.0,4.0
UB_Bhg_Dhamar_4,97.72,176.69,1.0,8.0,8.0
UB_Bhg_Dhamar_5,176.69,218.72,1.0,1.0,1.0
UB_Bhg_Dhamar_6,218.72,224.87,1.0,8.0,8.0
UB_Bhg_Dhamar_7,224.87,233.8,0.0,8.0,8.0
UB_Bhg_Dhamar_8,233.8,263.69,0.0,4.0,4.0
UB_Bhg_Dhamar_9,263.69,278.66,1.0,4.0,4.0
UB_Bhg_Dhamar_10,278.66,291.31,4.0,4.0,4.0
UB_Bhg_Dhamar_11,291.31,310.73,2.0,4.0,4.0
UB_Bhg_Dhamar_12,310.73,318.17,1.0,4.0,4.0
UB_Bhg_Dhamar_13,318.17,325.36,1.0,4.0,4.0
UB_Bhg_Dhamar_14,325.36,351.24,0.0,4.0,4.0
UB_Bhg_Dhamar_15,351.24,359.71,0.0,8.0,8.0
UB_Bhg_Dhamar_16,359.71,364.54,2.0,8.0,8.0
UB_Bhg_Dhamar_17,364.54,380.55,2.0,4.0,4.0
UB_Bhg_Dhamar_18,380.55,402.29,4.0,4.0,4.0
UB_Bhg_Dhamar_19,402.29,409.63,4.0,8.0,8.0
UB_Bhg_Dhamar_20,409.63,445.91,4.0,4.0,4.0
UB_Bhg_Dhamar_21,445.91,452.7,0.0,8.0,8.0
UB_Bhg_Dhamar_22,452.7,489.32,0.0,4.0,4.0
UB_Bhg_Dhamar_23,489.32,497.99,0.0,8.0,8.0
UB_Bhg_Dhamar_24,497.99,557.48,4.0,8.0,8.0
UB_Bhg_Dhamar_25,557.48,604.64,0.0,4.0,4.0
UB_Bhg_Dhamar_26,604.64,623.68,4.0,4.0,4.0
UB_Bhg_Dhamar_27,623.68,643.22,4.0,8.0,8.0
UB_Bhg_Dhamar_28,643.22,663.53,4.0,4.0,4.0
UB_Bhg_Dhamar_29,663.53,678.96,4.0,8.0,8.0
UB_Bhg_Dhamar_30,678.96,689.75,0.0,4.0,4.0
UB_Bhg_Dhamar_31,689.75,712.95,4.0,4.0,4.0
UB_Bhg_Dhamar_32,712.95,720.75,4.0,8.0,8.0
UB_Bhg_Dhamar_33,720.75,737.89,0.0,8.0,8.0
UB_Bhg_Dhamar_34,737.89,742.65,4.0,8.0,8.0
UB_Bhg_Dhamar_35,742.65,762.4,4.0,4.0,4.0
UB_Bhg_Dhamar_36,762.4,865.78,4.0,8.0,8.0
UB_Bhg_Dhamar_37,865.78,885.05,1.0,4.0,4.0
UB_Bhg_Dhamar_38,885.05,904.22,1.0,8.0,8.0
UB_Bhg_Dhamar_39,904.22,939.68,1.0,4.0,4.0
UB_Bhg_Dhamar_40,939.68,966.73,1.0,8.0,8.0
UB_Bhrv_Sooltal_0,2.41,12.39,1.0,1.0,1.0
UB_Bhrv_Sooltal_1,12.39,78.34,1.0,8.0,8.0
UB_Bhrv_Sooltal_2,78.34,85.52,1.0,16.0,16.0
UB_Bhrv_Sooltal_3,85.52,90.97,1.0,8.0,8.0
UB_Bhrv_Sooltal_4,90.97,95.92,1.0,16.0,16.0
UB_Bhrv_Sooltal_5,95.92,117.65,1.0,4.0,4.0
UB_Bhrv_Sooltal_6,117.65,126.29,1.0,8.0,8.0
UB_Bhrv_Sooltal_7,126.29,142.4,4.0,8.0,8.0
UB_Bhrv_Sooltal_8,142.4,157.98,0.0,4.0,4.0
UB_Bhrv_Sooltal_9,157.98,176.78,2.0,4.0,4.0
UB_Bhrv_Sooltal_10,180.38,189.43,0.0,2.0,2.0
UB_Bhrv_Sooltal_11,189.43,201.33,4.0,2.0,4.0
UB_Bhrv_Sooltal_12,201.33,211.04,4.0,8.0,8.0
UB_Bhrv_Sooltal_13,211.04,222.47,1.0,8.0,8.0
UB_Bhrv_Sooltal_14,222.47,231.73,0.0,4.0,4.0
UB_Bhrv_Sooltal_15,231.73,250.87,4.0,4.0,4.0
UB_Bhrv_Sooltal_16,250.87,270.15,1.0,4.0,4.0
UB_Bhrv_Sooltal_17,270.15,283.33,1.0,8.0,8.0
UB_Bhrv_Sooltal_18,283.33,290.0,1.0,4.0,4.0
UB_Bhrv_Sooltal_19,290.0,303.39,2.0,4.0,4.0
UB_Bhrv_Sooltal_20,303.39,330.47,4.0,4.0,4.0
UB_Bhrv_Sooltal_21,330.47,340.27,4.0,8.0,8.0
UB_Bhrv_Sooltal_22,340.27,354.31,4.0,4.0,4.0
UB_Bhrv_Sooltal_23,354.31,363.52,4.0,8.0,8.0
UB_Bhrv_Sooltal_24,363.52,374.99,1.0,8.0,8.0
UB_Bhrv_Sooltal_25,374.99,379.77,1.0,4.0,4.0
UB_Bhrv_Sooltal_26,379.77,399.48,2.0,4.0,4.0
UB_Bhrv_Sooltal_27,399.48,420.41,4.0,8.0,8.0
UB_Bhrv_Sooltal_28,420.41,432.28,1.0,8.0,8.0
UB_Bhrv_Sooltal_29,432.28,442.89,1.0,4.0,4.0
UB_Bhrv_Sooltal_30,442.89,451.92,2.0,4.0,4.0
UB_Bhrv_Sooltal_31,451.92,461.09,4.0,4.0,4.0
UB_Bhrv_Sooltal_32,461.09,466.94,4.0,8.0,8.0
UB_Bhrv_Sooltal_33,466.94,477.84,4.0,4.0,4.0
UB_Bhrv_Sooltal_34,477.84,501.0,1.0,8.0,8.0
UB_Bhrv_Sooltal_35,501.0,508.4,1.0,4.0,4.0
UB_Bhrv_Sooltal_36,508.4,531.33,2.0,4.0,4.0
UB_Bhrv_Sooltal_37,531.33,538.23,3.0,4.0,4.0
UB_Bhrv_Sooltal_38,538.23,547.23,4.0,8.0,8.0
UB_Bhrv_Sooltal_39,547.23,557.92,1.0,8.0,8.0
UB_Bhrv_Sooltal_40,562.43,569.31,4.0,4.0,4.0
UB_Bhrv_Sooltal_41,569.31,581.01,1.0,4.0,4.0
UB_Bhrv_Sooltal_42,581.01,597.15,4.0,4.0,4.0
UB_Bhrv_Sooltal_43,597.15,613.57,4.0,8.0,8.0
UB_Bhrv_Sooltal_44,613.57,630.02,1.0,8.0,8.0
UB_Bhrv_Sooltal_45,630.02,642.32,1.0,4.0,4.0
UB_Bhrv_Sooltal_46,642.32,664.15,0.0,4.0,4.0
UB_Bhrv_Sooltal_47,664.15,671.01,4.0,8.0,8.0
UB_Bhrv_Sooltal_48,671.01,686.93,4.0,4.0,4.0
UB_Bhrv_Sooltal_49,686.93,692.26,2.0,4.0,4.0
UB_Bhrv_Sooltal_50,695.79,707.09,1.0,8.0,8.0
UB_Bhrv_Sooltal_51,707.09,735.8,4.0,8.0,8.0
UB_Bhrv_Sooltal_52,735.8,747.84,1.0,4.0,4.0
UB_Bhrv_Sooltal_53,747.84,773.32,0.0,4.0,4.0
UB_Bhrv_Sooltal_54,773.32,797.8,2.0,4.0,4.0
UB_Bhrv_Sooltal_55,797.8,808.45,4.0,4.0,4.0
UB_Bhrv_Sooltal_56,808.45,815.89,4.0,8.0,8.0
UB_Bhrv_Sooltal_57,815.89,872.42,1.0,8.0,8.0
UB_Bhrv_Sooltal_58,872.42,907.81,1.0,16.0,16.0
UB_Jog_Tivratal_0,0.0,6.63,0.0,0.0,0.0
UB_Jog_Tivratal_1,6.63,19.09,1.0,2.0,2.0
UB_Jog_Tivratal_2,19.09,47.3,1.0,4.0,4.0
UB_Jog_Tivratal_3,47.3,52.58,1.0,2.0,2.0
UB_Jog_Tivratal_4,52.58,71.58,1.0,4.0,4.0
UB_Jog_Tivratal_5,71.58,81.18,1.0,2.0,2.0
UB_Jog_Tivratal_6,81.18,141.19,1.0,4.0,4.0
UB_Jog_Tivratal_7,141.19,149.9,1.0,2.0,2.0
UB_Jog_Tivratal_8,149.9,171.17,1.0,4.0,4.0
UB_Jog_Tivratal_9,171.17,241.09,2.0,4.0,4.0
UB_Jog_Tivratal_10,241.09,255.87,2.0,2.0,2.0
UB_Jog_Tivratal_11,255.87,263.22,2.0,4.0,4.0
UB_Jog_Tivratal_12,267.51,338.04,2.0,4.0,4.0
UB_Jog_Tivratal_13,338.04,385.27,2.0,2.0,2.0
UB_Jog_Tivratal_14,385.27,420.35,1.0,2.0,2.0
UB_Jog_Tivratal_15,420.35,436.6,2.0,2.0,2.0
UB_Jog_Tivratal_16,436.6,446.02,0.0,4.0,4.0
UB_Jog_Tivratal_17,446.02,472.67,2.0,4.0,4.0
UB_Jog_Tivratal_18,472.67,494.8,1.0,4.0,4.0
UB_Jog_Tivratal_19,494.8,554.76,2.0,4.0,4.0
UB_Jog_Tivratal_20,554.76,581.52,2.0,2.0,2.0
UB_Jog_Tivratal_21,581.52,588.24,2.0,4.0,4.0
UB_Jog_Tivratal_22,588.24,647.03,2.0,4.0,4.0
UB_Jog_Tivratal_23,647.03,673.67,2.0,2.0,2.0
UB_Jog_Tivratal_24,673.67,698.92,1.0,4.0,4.0
UB_Malkauns_Choutal_0,2.17,12.66,1.0,0.0,1.0
UB_Malkauns_Choutal_1,12.66,19.79,1.0,16.0,16.0
UB_Malkauns_Choutal_2,19.79,25.19,1.0,8.0,8.0
UB_Malkauns_Choutal_3,25.19,32.43,1.0,16.0,16.0
UB_Malkauns_Choutal_4,32.43,37.48,1.0,8.0,8.0
UB_Malkauns_Choutal_5,37.48,47.37,1.0,16.0,16.0
UB_Malkauns_Choutal_6,51.85,76.63,1.0,16.0,16.0
UB_Malkauns_Choutal_7,76.63,90.19,1.0,8.0,8.0
UB_Malkauns_Choutal_8,90.19,98.78,1.0,4.0,4.0
UB_Malkauns_Choutal_9,98.78,104.3,1.0,8.0,8.0
UB_Malkauns_Choutal_10,104.3,110.16,1.0,4.0,4.0
UB_Malkauns_Choutal_11,110.16,164.74,1.0,8.0,8.0
UB_Malkauns_Choutal_12,164.74,174.07,1.0,16.0,16.0
UB_Malkauns_Choutal_13,174.07,180.37,1.0,8.0,8.0
UB_Malkauns_Choutal_14,180.37,188.18,1.0,16.0,16.0
UB_Malkauns_Choutal_15,188.18,194.96,1.0,8.0,8.0
UB_Malkauns_Choutal_16,194.96,202.13,1.0,4.0,4.0
UB_Malkauns_Choutal_17,206.82,231.68,2.0,8.0,8.0
UB_Malkauns_Choutal_18,231.68,254.77,4.0,8.0,8.0
UB_Malkauns_Choutal_19,254.77,269.3,1.0,8.0,8.0
UB_Malkauns_Choutal_20,269.3,281.94,4.0,4.0,4.0
UB_Malkauns_Choutal_21,281.94,289.64,4.0,8.0,8.0
UB_Malkauns_Choutal_22,289.64,295.87,2.0,4.0,4.0
UB_Malkauns_Choutal_23,295.87,306.53,3.76,8.0,8.0
UB_Malkauns_Choutal_24,310.35,315.8,0.0,4.0,4.0
UB_Malkauns_Choutal_25,315.8,322.93,0.0,8.0,8.0
UB_Malkauns_Choutal_26,322.93,332.24,2.0,8.0,8.0
UB_Malkauns_Choutal_27,332.24,345.57,2.0,4.0,4.0
UB_Malkauns_Choutal_28,348.09,355.89,4.0,8.0,8.0
UB_Malkauns_Choutal_29,355.89,369.91,1.0,8.0,8.0
UB_Malkauns_Choutal_30,369.91,376.46,0.0,4.0,4.0
UB_Malkauns_Choutal_31,376.46,393.92,2.0,4.0,4.0
UB_Malkauns_Choutal_32,393.92,401.85,1.0,4.0,4.0
UB_Malkauns_Choutal_33,401.85,406.59,1.0,0.0,1.0
UB_Shree_Dhamar_0,0.0,5.77,0.0,0.0,0.0
UB_Shree_Dhamar_1,5.77,20.65,1.0,4.0,4.0
UB_Shree_Dhamar_2,20.65,32.73,1.0,8.0,8.0
UB_Shree_Dhamar_3,32.73,76.25,1.0,16.0,16.0
UB_Shree_Dhamar_4,76.25,94.36,1.0,4.0,4.0
UB_Shree_Dhamar_5,94.36,114.85,1.0,8.0,8.0
UB_Shree_Dhamar_6,114.85,130.47,1.0,16.0,16.0
UB_Shree_Dhamar_7,130.47,149.91,1.0,8.0,8.0
UB_Shree_Dhamar_8,149.91,178.25,1.0,16.0,16.0
UB_Shree_Dhamar_9,182.22,190.37,2.0,8.0,8.0
UB_Shree_Dhamar_10,190.37,198.86,1.0,8.0,8.0
UB_Shree_Dhamar_11,198.86,228.88,2.0,8.0,8.0
UB_Shree_Dhamar_12,228.88,238.92,1.0,8.0,8.0
UB_Shree_Dhamar_13,238.92,263.73,2.0,8.0,8.0
UB_Shree_Dhamar_14,267.37,283.36,4.0,4.0,4.0
UB_Shree_Dhamar_15,283.36,288.68,3.0,4.0,4.0
UB_Shree_Dhamar_16,288.68,293.79,3.0,8.0,8.0
UB_Shree_Dhamar_17,293.79,301.29,2.0,8.0,8.0
UB_Shree_Dhamar_18,301.29,312.92,2.0,4.0,4.0
UB_Shree_Dhamar_19,312.92,319.31,4.0,8.0,8.0
UB_Shree_Dhamar_20,319.31,326.69,1.0,8.0,8.0
UB_Shree_Dhamar_21,326.69,344.71,0.0,4.0,4.0
UB_Shree_Dhamar_22,344.71,359.48,4.0,4.0,4.0
UB_Shree_Dhamar_23,362.7,391.37,2.0,8.0,8.0
UB_Shree_Dhamar_24,391.37,404.24,4.0,8.0,8.0
UB_Shree_Dhamar_25,404.24,423.55,1.0,8.0,8.0
UB_Shree_Dhamar_26,428.19,453.0,4.0,8.0,8.0
UB_Shree_Dhamar_27,453.0,458.43,2.0,8.0,8.0
UB_Shree_Dhamar_28,458.43,466.63,4.0,8.0,8.0
UB_Shree_Dhamar_29,466.63,473.66,2.0,8.0,8.0
UB_Shree_Dhamar_30,473.66,480.01,4.0,8.0,8.0
UB_Shree_Dhamar_31,480.01,488.62,1.0,8.0,8.0
UB_Shree_Dhamar_32,488.62,496.5,1.0,4.0,4.0
UB_Shree_Dhamar_33,496.5,511.32,4.0,4.0,4.0
UB_Shree_Dhamar_34,511.32,525.15,4.0,8.0,8.0
UB_Shree_Dhamar_35,525.15,534.21,4.0,4.0,4.0
UB_Shree_Dhamar_36,534.21,540.87,2.0,4.0,4.0
UB_Shree_Dhamar_37,544.79,553.9,4.0,16.0,16.0
UB_Shree_Dhamar_38,553.9,567.93,4.0,8.0,8.0
RFD_Kedar_Choutal_0,20.29,69.6,1,1,1
RFD_Kedar_Choutal_1,182.47,214.88,1,1,1
RFD_Kedar_Choutal_2,328.58,345.46,1,1,1
RFD_Kedar_Dhamar_0,958.99,1016.03,1,1,1
RFD_Kedar_Dhamar_1,1046.73,1096.62,1,1,1
RFD_Kedar_Dhamar_2,1129.02,1166.65,1,1,1
RFD_Kedar_Dhamar_3,1196.53,1207.43,0,1,1
GB_KRA_Dhamar_0,28.55,101.81,1,1,1
GB_KRA_Dhamar_1,156.75,173.04,1,1,1
GB_KRA_Dhamar_2,641.85,654.07,8,8,8
GB_KRA_Dhamar_3,656.59,666.05,8,8,8
GB_KRA_Dhamar_4,671.31,680.49,8,8,8
GB_KRA_Dhamar_5,758.76,768.92,8,8,8
GB_KRA_Dhamar_6,873.16,883.32,8,16,16
GB_Rageshri_Choutal_0,10.34,18.72,1,1,1
GB_Rageshri_Choutal_1,43.07,52.26,1,1,1
GB_Rageshri_Choutal_2,59.47,70.39,2,1,2
GB_Rageshri_Choutal_3,397.4,405.66,4,16,16
GB_Rageshri_Choutal_4,407.65,415.75,8,8,8
UB_Lalit_Dhamar_0,25.79,45.23,1,1,1
UB_Lalit_Dhamar_1,95.06,115.98,1,16,16
UB_Lalit_Dhamar_2,119.62,131.28,1,16,16
UB_Maru_Choutal_0,82.46,93.8,1,2,2
UB_Maru_Choutal_1,98.17,109.7,1,1,1
UB_Maru_Choutal_2,173.86,183.97,1,2,2
UB_Maru_Choutal_3,671.63,693.31,1,16,16
UB_Maru_Choutal_4,976.9,1003.1,1,16,16
GB_Yaman_Choutal_0,19.46,39.95,1,1,1
GB_Yaman_Choutal_1,208.99,218.2,1,1,1
GB_Yaman_Choutal_2,344.86,354.63,1,1,1
GB_Yaman_Choutal_3,383.79,392.74,1,1,1
GB_Yaman_Choutal_4,423.14,432.51,0,1,1
GB_DK_Dhamar_0,7.92,60.21,1,1,1
GB_DK_Dhamar_1,151.76,174.86,1,1,1
GB_DK_Dhamar_2,183.5,199,2,1,2
GB_DK_Dhamar_3,243.62,255.78,1,1,1
GB_DK_Dhamar_4,258.23,271.46,2,1,2
GB_DK_Dhamar_5,271.46,284.19,2,2,2
GB_DK_Dhamar_6,288.17,303.3,1,1,1
GB_DK_Dhamar_7,445.73,460.63,0,1,1
GB_DK_Dhamar_8,647.1,675.82,3,1,1
